15,Snapchat,Snap Inc,Social,16631653,500 M,4.04,Free,/application/snapchat/com.snapchat.android?hl=en
5,Clash of Clans,Supercell,Strategy,44578077,100 M,4.60,Free,/application/clash_of_clans/com.supercell.clashofclans?hl=en
9,Security Master - Antivirus & VPN & AppLock & Booster,Cheetah Mobile (AppLock &amp; AntiVirus),Tools,24818686,500 M,4.65,Free,/application/security_master_antivirus_vpn_applock_booster/com.cleanmaster.security?hl=en
3,Instagram,Instagram,Social,65144210,1000 M,4.51,Free,/application/instagram/com.instagram.android?hl=en
16,My Talking Tom,Outfit7 Limited,Casual,14735826,500 M,4.49,Free,/application/my_talking_tom/com.outfit7.mytalkingtomfree?hl=en
12,UC Browser - Fast Download Private &amp; Secure,UCWeb Inc.,Communication,17431705,500 M,4.47,Free,/application/uc_browser_fast_download_private_secure/com.UCMobile.intl?hl=en
18,DU Battery Saver - Battery Charger &amp; Battery Life,DU APPS STUDIO - BATTERY&amp;BOOSTER,Tools,13461692,100 M,4.52,Free,/application/du_battery_saver_battery_charger_battery_life/com.dianxinos.dxbs?hl=en
2,WhatsApp Messenger,WhatsApp Inc.,Communication,68133421,1000 M,4.40,Free,/application/whatsapp_messenger/com.whatsapp?hl=en
10,Clash Royale,Supercell,Strategy,22842192,100 M,4.55,Free,/application/clash_royale/com.supercell.clashroyale?hl=en
6,Clean Master- Space Cleaner &amp; Antivirus,Cheetah Mobile,Tools,42701448,500 M,4.66,Free,/application/clean_master_space_cleaner_antivirus/com.cleanmaster.mguard?hl=en
14,Google Play services,Google LLC,Tools,16695538,5000 M,4.00,Free,/application/google_play_services/com.google.android.gms?hl=en
13,360 Security - Free Antivirus & Booster & Cleaner,360 Mobile Security Limited,Tools,16747790,100 M,4.58,Free,/application/360_security_free_antivirus_booster_cleaner/com.qihoo.security?hl=en
17,8 Ball Pool,Miniclip.com,Sports,13890566,100 M,4.52,Free,/application/8_ball_pool/com.miniclip.eightballpool?hl=en
1,Facebook,Facebook,Social,77430716,1000 M,4.06,Free,/application/facebook/com.facebook.katana?hl=en
4,Messenger ‚Äì Text and Video Chat for Free,Facebook,Communication,55832917,1000 M,4.04,Free,/application/messenger_text_and_video_chat_for_free/com.facebook.orca?hl=en
20,Cache Cleaner-DU Speed Booster (booster &amp; cleaner),DU APPS STUDIO - BATTERY&amp;BOOSTER,Tools,12741123,100 M,4.54,Free,/application/cache_cleaner_du_speed_booster_booster_cleaner_/com.dianxinos.optimizer.duplay?hl=en
11,Candy Crush Saga,King,Casual,22097568,500 M,4.42,Free,/application/candy_crush_saga/com.king.candycrushsaga?hl=en
7,Subway Surfers,Kiloo,Arcade,27385060,1000 M,4.49,Free,/application/subway_surfers/com.kiloo.subwaysurf?hl=en
8,YouTube,Google LLC,Video Players,25119040,1000 M,4.28,Free,/application/youtube/com.google.android.youtube?hl=en
19,BBM - Free Calls &amp; Messages,BBM .,Communication,12824891,100 M,4.27,Free,/application/bbm_free_calls_messages/com.bbm?hl=en
21,Spotify Music,Spotify Ltd.,Music and Audio,11615995,100 M,4.55,Free,/application/spotify_music/com.spotify.music?hl=en
40,Asphalt 8: Airborne,Gameloft,Racing,8319789,100 M,4.51,Free,/application/asphalt_8_airborne/com.gameloft.android.ANMP.GloftA8HM?hl=en
29,Pok√©mon GO,Niantic, Inc.,Adventure,10283380,100 M,4.09,Free,/application/pokemon_go/com.nianticlabs.pokemongo?hl=en
24,Shadow Fight 2,NEKKI,Action,10854576,100 M,4.64,Free,/application/shadow_fight_2/com.nekki.shadowfight?hl=en
22,Twitter,Twitter, Inc.,News and Magazines,11512232,500 M,4.28,Free,/application/twitter/com.twitter.android?hl=en
28,Pou,Zakeh,Casual,10424593,500 M,4.33,Free,/application/pou/me.pou.app?hl=en
37,Hill Climb Racing,Fingersoft,Racing,8867265,100 M,4.44,Free,/application/hill_climb_racing/com.fingersoft.hillclimb?hl=en
25,LINE: Free Calls &amp; Messages,LINE Corporation,Communication,10721621,500 M,4.18,Free,/application/line_free_calls_messages/jp.naver.line.android?hl=en
38,Super-Bright LED Flashlight,ONE App Essentials.,Productivity,8819320,500 M,4.59,Free,/application/super_bright_led_flashlight/com.surpax.ledflashlight.panel?hl=en
34,Dream League Soccer 2018,First Touch Games Ltd.,Sports,9579214,100 M,4.59,Free,/application/dream_league_soccer_2018/com.firsttouchgames.dls3?hl=en
23,Viber Messenger,Viber Media S.√† r.l.,Communication,11271115,500 M,4.34,Free,/application/viber_messenger/com.viber.voip?hl=en
30,Minion Rush: Despicable Me Official Game,Gameloft,Casual,10168759,100 M,4.45,Free,/application/minion_rush_despicable_me_official_game/com.gameloft.android.ANMP.GloftDMHM?hl=en
33,My Talking Angela,Outfit7 Limited,Casual,9728607,100 M,4.49,Free,/application/my_talking_angela/com.outfit7.mytalkingangelafree?hl=en
39,Facebook Lite,Facebook,Social,8371170,500 M,4.28,Free,/application/facebook_lite/com.facebook.lite?hl=en
31,Hay Day,Supercell,Casual,9978945,100 M,4.48,Free,/application/hay_day/com.supercell.hayday?hl=en
36,Maps - Navigation &amp; Transit,Google LLC,Travel and Local,9153157,1000 M,4.34,Free,/application/maps_navigation_transit/com.google.android.apps.maps?hl=en
32,VivaVideo - Video Editor &amp; Photo Video Maker,‚ô• QuVideo Inc.,Video Players,9730256,100 M,4.60,Free,/application/vivavideo_video_editor_photo_video_maker/com.quvideo.xiaoying?hl=en
27,Skype - free IM &amp; video calls,Skype,Communication,10457209,1000 M,4.13,Free,/application/skype_free_im_video_calls/com.skype.raider?hl=en
26,Google Photos,Google LLC,Photography,10533018,1000 M,4.51,Free,/application/google_photos/com.google.android.apps.photos?hl=en
35,Google Chrome: Fast &amp; Secure,Google LLC,Communication,9498401,1000 M,4.29,Free,/application/google_chrome_fast_secure/com.android.chrome?hl=en
41,Battery Doctor-Battery Life Saver &amp; Battery Cooler,Cheetah Mobile Inc. (NYSE: CMCM),Tools,8190866,100 M,4.53,Free,/application/battery_doctor_battery_life_saver_battery_cooler/com.ijinshan.kbatterydoctor_en?hl=en
42,Piano Tiles 2‚Ñ¢,Cheetah Games,Arcade,8069829,100 M,4.69,Free,/application/piano_tiles_2tm/com.cmplay.tiles2?hl=en
56,MX Player,J2 Interactive,Video Players,6383579,500 M,4.47,Free,/application/mx_player/com.mxtech.videoplayer.ad?hl=en
54,Google Play Games,Google LLC,Entertainment,7020626,1000 M,4.26,Free,/application/google_play_games/com.google.android.play.games?hl=en
58,ZEDGE‚Ñ¢ Ringtones &amp; Wallpapers,Zedge,Personalization,6365072,100 M,4.62,Free,/application/zedgetm_ringtones_wallpapers/net.zedge.android?hl=en
46,Truecaller: Caller ID & SMS spam blocking &amp; Dialer,True Software Scandinavia AB,Communication,7615066,100 M,4.54,Free,/application/truecaller_caller_id_sms_spam_blocking_dialer/com.truecaller?hl=en
51,GO Launcher - 3D parallax Themes &amp; HD Wallpapers,GOMO Limited,Personalization,7451741,100 M,4.51,Free,/application/go_launcher_3d_parallax_themes_hd_wallpapers/com.gau.go.launcherex?hl=en
50,PhotoGrid: Video &amp; Pic Collage Maker & Photo Editor,Cheetah Mobile (Photo Editor),Photography,7474081,100 M,4.55,Free,/application/photogrid_video_pic_collage_maker_photo_editor/com.roidapp.photogrid?hl=en
45,Mobile Legends: Bang Bang,Moonton,Action,7774725,100 M,4.37,Free,/application/mobile_legends_bang_bang/com.mobile.legends?hl=en
48,SHAREit - Transfer &amp; Share,SHAREit Technologies Co.Ltd,Tools,7554697,500 M,4.62,Free,/application/shareit_transfer_share/com.lenovo.anyshare.gps?hl=en
57,Trivia Crack,Etermax,Trivia,6372617,100 M,4.47,Free,/application/trivia_crack/com.etermax.preguntados.lite?hl=en
60,AVG AntiVirus 2018 for Android Security,AVG Mobile,Tools,6178287,100 M,4.51,Free,/application/avg_antivirus_2018_for_android_security/com.antivirus?hl=en
44,Google,Google LLC,Tools,7859720,1000 M,4.39,Free,/application/google/com.google.android.googlequicksearchbox?hl=en
53,Waze - GPS & Maps & Traffic Alerts &amp; Live Navigation,Waze,Maps &amp; Navigation,7201234,100 M,4.57,Free,/application/waze_gps_maps_traffic_alerts_live_navigation/com.waze?hl=en
49,PicsArt Photo Studio: Collage Maker &amp; Pic Editor,PicsArt,Photography,7514990,100 M,4.46,Free,/application/picsart_photo_studio_collage_maker_pic_editor/com.picsart.studio?hl=en
43,Temple Run 2,Imangi Studios,Action,8033637,500 M,4.32,Free,/application/temple_run_2/com.imangi.templerun2?hl=en
55,CM Launcher 3D - Theme & Wallpapers & Efficient,Cheetah Mobile Inc,Personalization,6532904,100 M,4.56,Free,/application/cm_launcher_3d_theme_wallpapers_efficient/com.ksmobile.launcher?hl=en
52,Sniper 3D Gun Shooter: Free Shooting Games - FPS,Fun Games For Free,Action,7376809,100 M,4.62,Free,/application/sniper_3d_gun_shooter_free_shooting_games_fps/com.fungames.sniper3d?hl=en
47,Farm Heroes Saga,King,Casual,7591817,100 M,4.41,Free,/application/farm_heroes_saga/com.king.farmheroessaga?hl=en
59,Dragon City,Social Point,Simulation,6267768,100 M,4.57,Free,/application/dragon_city/es.socialpoint.DragonCity?hl=en
74,Plants vs. Zombies 2,ELECTRONIC ARTS,Casual,5609672,100 M,4.44,Free,/application/plants_vs_zombies_2/com.ea.game.pvz2_row?hl=en
62,Geometry Dash Lite,RobTop Games,Arcade,6159457,100 M,4.50,Free,/application/geometry_dash_lite/com.robtopx.geometryjumplite?hl=en
79,WeChat,WeChat,Communication,5364385,100 M,4.22,Free,/application/wechat/com.tencent.mm?hl=en
70,AliExpress - Smarter Shopping & Better Living,Alibaba Mobile,Shopping,5778045,100 M,4.59,Free,/application/aliexpress_smarter_shopping_better_living/com.alibaba.aliexpresshd?hl=en
72,VK,VK.com,Social,5721027,100 M,3.81,Free,/application/vk/com.vkontakte.android?hl=en
76,Angry Birds Classic,Rovio Entertainment Corporation,Arcade,5543604,100 M,4.40,Free,/application/angry_birds_classic/com.rovio.angrybirds?hl=en
65,Retrica,Retrica, Inc.,Photography,6109731,100 M,4.32,Free,/application/retrica/com.venticake.retrica?hl=en
68,Flipkart Online Shopping App,Flipkart,Shopping,5805573,100 M,4.42,Free,/application/flipkart_online_shopping_app/com.flipkart.android?hl=en
69,4shared,New IT Solutions,Entertainment,5802055,100 M,4.38,Free,/application/4shared/com.forshared?hl=en
63,Duolingo: Learn Languages Free,Duolingo,Education,6157941,100 M,4.71,Free,/application/duolingo_learn_languages_free/com.duolingo?hl=en
75,Boom Beach,Supercell,Strategy,5571223,50 M,4.47,Free,/application/boom_beach/com.supercell.boombeach?hl=en
80,Traffic Racer,Soner Kara,Racing,5345213,100 M,4.46,Free,/application/traffic_racer/com.skgames.trafficracer?hl=en
64,Candy Crush Soda Saga,King,Casual,6146059,100 M,4.35,Free,/application/candy_crush_soda_saga/com.king.candycrushsodasaga?hl=en
78,Real Racing  3,ELECTRONIC ARTS,Racing,5473572,100 M,4.45,Free,/application/real_racing_3/com.ea.games.r3_row?hl=en
61,Traffic Rider,Soner Kara,Racing,6162168,100 M,4.68,Free,/application/traffic_rider/com.skgames.trafficrider?hl=en
73,Google Translate,Google LLC,Tools,5697947,500 M,4.41,Free,/application/google_translate/com.google.android.apps.translate?hl=en
67,Wish -  Shopping &amp; Free Gifts for New Users,Wish Inc.,Shopping,5984843,100 M,4.47,Free,/application/wish_shopping_free_gifts_for_new_users/com.contextlogic.wish?hl=en
71,APUS Launcher - Theme & Wallpaper & Hide Apps,APUS Group,Personalization,5760315,100 M,4.47,Free,/application/apus_launcher_theme_wallpaper_hide_apps/com.apusapps.launcher?hl=en
66,Hungry Shark Evolution,Ubisoft Entertainment,Arcade,6002087,100 M,4.50,Free,/application/hungry_shark_evolution/com.fgol.HungrySharkEvolution?hl=en
77,dfndr security: antivirus & anti-hacking &amp; cleaner,PSafe,Tools,5491507,100 M,4.54,Free,/application/dfndr_security_antivirus_anti_hacking_cleaner/com.psafe.msuite?hl=en
93,Camera360: Selfie Photo Editor with Funny Sticker,PinGuo Inc.,Photography,4854962,100 M,4.35,Free,/application/camera360_selfie_photo_editor_with_funny_sticker/vStudio.Android.Camera360?hl=en
81,Netflix,Netflix, Inc.,Entertainment,5343625,100 M,4.45,Free,/application/netflix/com.netflix.mediaclient?hl=en
89,Opera Mini - fast web browser,Opera,Communication,5056491,100 M,4.45,Free,/application/opera_mini_fast_web_browser/com.opera.mini.native?hl=en
97,Gangstar Vegas - mafia game,Gameloft,Action,4759805,50 M,4.45,Free,/application/gangstar_vegas_mafia_game/com.gameloft.android.ANMP.GloftGGHM?hl=en
86,slither.io,Lowtech Studios,Action,5130616,100 M,4.36,Free,/application/slither_io/air.com.hypah.io.slither?hl=en
82,Score! Hero,First Touch Games Ltd.,Sports,5320008,100 M,4.63,Free,/application/score_hero/com.firsttouchgames.story?hl=en
91,AppLock,DoMobile Lab,Tools,4875338,100 M,4.36,Free,/application/applock/com.domobile.applock?hl=en
88,Fruit Ninja¬Æ,Halfbrick Studios,Arcade,5080165,100 M,4.34,Free,/application/fruit_ninja/com.halfbrick.fruitninjafree?hl=en
100,Jetpack Joyride,Halfbrick Studios,Arcade,4607072,100 M,4.40,Free,/application/jetpack_joyride/com.halfbrick.jetpackjoyride?hl=en
99,imo free video calls and chat,imo.im,Communication,4736469,500 M,4.32,Free,/application/imo_free_video_calls_and_chat/com.imo.android.imoim?hl=en
95,Uber,Uber Technologies, Inc.,Maps &amp; Navigation,4814273,100 M,4.20,Free,/application/uber/com.ubercab?hl=en
84,B612 - Beauty &amp; Filter Camera,SNOW, Inc.,Photography,5180088,100 M,4.40,Free,/application/b612_beauty_filter_camera/com.linecorp.b612.android?hl=en
98,Google+,Google LLC,Social,4757223,1000 M,4.19,Free,/application/google_/com.google.android.apps.plus?hl=en
85,Avast Mobile Security 2018 - Antivirus &amp; AppLock,Avast Software,Tools,5142701,100 M,4.54,Free,/application/avast_mobile_security_2018_antivirus_applock/com.avast.android.mobilesecurity?hl=en
92,Zombie Tsunami,Mobigame S.A.R.L.,Arcade,4864022,100 M,4.45,Free,/application/zombie_tsunami/net.mobigame.zombietsunami?hl=en
83,ES File Explorer File Manager,ES Global,Productivity,5298517,100 M,4.57,Free,/application/es_file_explorer_file_manager/com.estrongs.android.pop?hl=en
96,Hotstar,Novi Digital,Entertainment,4807752,100 M,4.31,Free,/application/hotstar/in.startv.hotstar?hl=en
90,Dr. Driving,SUD Inc.,Racing,4919453,100 M,4.47,Free,/application/dr_driving/com.ansangha.drdriving?hl=en
94,The Sims FreePlay,ELECTRONIC ARTS,Simulation,4834791,100 M,4.24,Free,/application/the_sims_freeplay/com.ea.games.simsfreeplay_row?hl=en
87,musical.ly,musical.ly,Social,5121096,100 M,4.36,Free,/application/musical_ly/com.zhiliaoapp.musically?hl=en
110,Crossy Road,HIPSTER WHALE,Action,4212647,100 M,4.53,Free,/application/crossy_road/com.yodo1.crossyroad?hl=en
117,Plants vs. Zombies FREE,ELECTRONIC ARTS,Strategy,4000194,100 M,4.44,Free,/application/plants_vs_zombies_free/com.ea.game.pvzfree_row?hl=en
107,Pixel Gun 3D (Pocket Edition),Pixel Gun 3D,Action,4403685,50 M,4.51,Free,/application/pixel_gun_3d_pocket_edition_/com.pixel.gun3d?hl=en
115,Smash Hit,Mediocre,Arcade,4113964,100 M,4.47,Free,/application/smash_hit/com.mediocre.smashhit?hl=en
120,DEER HUNTER CLASSIC,Glu,Action,3937194,50 M,4.42,Free,/application/deer_hunter_classic/com.glu.deerhunt2?hl=en
113,SimCity BuildIt,ELECTRONIC ARTS,Simulation,4158538,50 M,4.45,Free,/application/simcity_buildit/com.ea.game.simcitymobile_row?hl=en
109,Tiny Flashlight + LED,Nikolay Ananiev,Tools,4253105,100 M,4.45,Free,/application/tiny_flashlight_led/com.devuni.flashlight?hl=en
104,Period Tracker - Period Calendar Ovulation Tracker,Simple Design Ltd.,Health and fitness,4520764,100 M,4.77,Free,/application/period_tracker_period_calendar_ovulation_tracker/com.popularapp.periodcalendar?hl=en
118,Temple Run,Imangi Studios,Arcade,3974898,100 M,4.35,Free,/application/temple_run/com.imangi.templerun?hl=en
102,Castle Clash: Heroes of the Empire US,IGG.COM,Strategy,4554580,50 M,4.56,Free,/application/castle_clash_heroes_of_the_empire_us/com.igg.castleclash?hl=en
114,Yahoo Mail ‚Äì Stay Organized,Yahoo,Communication,4156555,100 M,4.32,Free,/application/yahoo_mail_stay_organized/com.yahoo.mobile.client.android.mail?hl=en
119,VideoShow-Video Editor & Video Maker & Beauty Camera,EnjoyMobi Video Editor &amp; Video Maker Studio,Video Players,3941397,100 M,4.56,Free,/application/videoshow_video_editor_video_maker_beauty_camera/com.xvideostudio.videoeditor?hl=en
103,Gmail,Google LLC,Communication,4553420,1000 M,4.33,Free,/application/gmail/com.google.android.gm?hl=en
106,Garena Free Fire,GARENA INTERNATIONAL I PRIVATE LIMITED,Action,4404474,50 M,4.47,Free,/application/garena_free_fire/com.dts.freefireth?hl=en
112,ROBLOX,ROBLOX Corporation,Adventure,4173830,100 M,4.50,Free,/application/roblox/com.roblox.client?hl=en
105,JOOX Music - Free Streaming,Tencent Mobility Limited,Music and Audio,4466799,50 M,4.56,Free,/application/joox_music_free_streaming/com.tencent.ibg.joox?hl=en
111,Pinterest,Pinterest,Social,4210271,100 M,4.62,Free,/application/pinterest/com.pinterest?hl=en
116,Gardenscapes,Playrix Games,Casual,4024197,50 M,4.58,Free,/application/gardenscapes/com.playrix.gardenscapes?hl=en
101,GO Keyboard - Cute Emojis & Themes and GIFs,GOMO,Tools,4572480,100 M,4.49,Free,/application/go_keyboard_cute_emojis_themes_and_gifs/com.jb.emoji.gokeyboard?hl=en
108,Township,Playrix Games,Casual,4379741,50 M,4.61,Free,/application/township/com.playrix.township?hl=en
132,Mobile Recharge & DTH & Bill Payment & Money Transfer,Paytm - One97 Communications Ltd.,Shopping,3622526,100 M,4.37,Free,/application/mobile_recharge_dth_bill_payment_money_transfer/net.one97.paytm?hl=en
139,Google Play Music,Google LLC,Music and Audio,3386103,1000 M,3.93,Free,/application/google_play_music/com.google.android.music?hl=en
124,Tango - Live Video Broadcast,Tango,Social,3804142,100 M,4.29,Free,/application/tango_live_video_broadcast/com.sgiggle.production?hl=en
125,Angry Birds 2,Rovio Entertainment Corporation,Casual,3794641,100 M,4.57,Free,/application/angry_birds_2/com.rovio.baba?hl=en
122,The Simpsons‚Ñ¢:  Tapped Out,ELECTRONIC ARTS,Casual,3830611,100 M,4.32,Free,/application/the_simpsonstm_tapped_out/com.ea.game.simpsons4_row?hl=en
128,Sonic Dash,SEGA,Arcade,3734668,100 M,4.45,Free,/application/sonic_dash/com.sega.sonicdash?hl=en
134,UC Browser Mini -Tiny Fast Private &amp; Secure,UCWeb Inc.,Communication,3588356,100 M,4.42,Free,/application/uc_browser_mini_tiny_fast_private_secure/com.uc.browser.en?hl=en
131,FIFA Soccer: FIFA World Cup‚Ñ¢,ELECTRONIC ARTS,Sports,3696104,100 M,4.24,Free,/application/fifa_soccer_fifa_world_cuptm/com.ea.gp.fifamobile?hl=en
140,Candy Camera - selfie & beauty camera & photo editor,JP Brothers, Inc.,Photography,3354225,100 M,4.39,Free,/application/candy_camera_selfie_beauty_camera_photo_editor/com.joeware.android.gpulumera?hl=en
135,Banana Kong,FDG Entertainment GmbH &amp; Co.KG,Action,3431963,100 M,4.42,Free,/application/banana_kong/com.fdgentertainment.bananakong?hl=en
133,SoundCloud - Music &amp; Audio,SoundCloud,Music and Audio,3615955,100 M,4.49,Free,/application/soundcloud_music_audio/com.soundcloud.android?hl=en
121,Angry Birds Go!,Rovio Entertainment Corporation,Racing,3838152,50 M,4.24,Free,/application/angry_birds_go_/com.rovio.angrybirdsgo?hl=en
123,Criminal Case,Pretty Simple,Adventure,3815289,100 M,4.54,Free,/application/criminal_case/com.prettysimple.criminalcaseandroid?hl=en
138,Hangouts,Google LLC,Communication,3388286,1000 M,4.01,Free,/application/hangouts/com.google.android.talk?hl=en
126,Agar.io,Miniclip.com,Action,3792600,100 M,4.24,Free,/application/agar_io/com.miniclip.agar.io?hl=en
137,¬µTorrent¬Æ- Torrent Downloader,BitTorrent, Inc.,Video Players,3391821,100 M,4.53,Free,/application/torrent_torrent_downloader/com.utorrent.client?hl=en
136,Top Eleven 2018 -  Be a Soccer Manager,Nordeus,Sports,3416997,50 M,4.44,Free,/application/top_eleven_2018_be_a_soccer_manager/eu.nordeus.topeleven.android?hl=en
130,Mercado Libre: Encuentra tus marcas favoritas,Mercado Libre,Shopping,3697091,50 M,4.70,Free,/application/mercado_libre_encuentra_tus_marcas_favoritas/com.mercadolibre?hl=en
127,LINE Let's Get Rich,LINE Corporation,Casual,3788740,50 M,4.28,Free,/application/line_let_s_get_rich/com.linecorp.LGGRTHN?hl=en
129,Badoo - Free Chat &amp; Dating App,Badoo,Social,3733013,100 M,4.29,Free,/application/badoo_free_chat_dating_app/com.badoo.mobile?hl=en
160,Parallel Space - Multiple accounts &amp; Two face,LBE Tech,Personalization,2980871,100 M,4.60,Free,/application/parallel_space_multiple_accounts_two_face/com.lbe.parallel.intl?hl=en
144,Hola Launcher- Theme &Wallpaper,Holaverse,Personalization,3276190,100 M,4.48,Free,/application/hola_launcher_theme_wallpaper/com.hola.launcher?hl=en
145,Smule - The #1 Singing App,Smule,Music and Audio,3226396,100 M,4.18,Free,/application/smule_the_1_singing_app/com.smule.singandroid?hl=en
152,BeautyPlus - Easy Photo Editor &amp; Selfie Camera,MEITU,Photography,3083121,100 M,4.39,Free,/application/beautyplus_easy_photo_editor_selfie_camera/com.commsource.beautyplus?hl=en
151,Telegram,Telegram FZ-LLC,Communication,3083769,100 M,4.37,Free,/application/telegram/org.telegram.messenger?hl=en
147,Pet Rescue Saga,King,Casual,3164067,100 M,4.33,Free,/application/pet_rescue_saga/com.king.petrescuesaga?hl=en
155,Vector,NEKKI,Arcade,3043954,100 M,4.38,Free,/application/vector/com.nekki.vector?hl=en
153,MyJio,Reliance Industries Ltd.,Productivity,3082665,100 M,4.35,Free,/application/myjio/com.jio.myjio?hl=en
149,Cooking Fever,Nordcurrent,Arcade,3121868,100 M,4.49,Free,/application/cooking_fever/com.nordcurrent.canteenhd?hl=en
141,YouCam Makeup - Magic Selfie Makeovers,Perfect Corp.,Photography,3295653,100 M,4.56,Free,/application/youcam_makeup_magic_selfie_makeovers/com.cyberlink.youcammakeup?hl=en
154,Firefox Browser fast &amp; private,Mozilla,Communication,3061625,100 M,4.37,Free,/application/firefox_browser_fast_private/org.mozilla.firefox?hl=en
157,MORTAL KOMBAT X,Warner Bros. International Enterprises,Action,3005232,10 M,4.45,Free,/application/mortal_kombat_x/com.wb.goog.mkx?hl=en
148,Microsoft Outlook,Microsoft Corporation,Productivity,3138104,100 M,4.28,Free,/application/microsoft_outlook/com.microsoft.office.outlook?hl=en
158,WhatsApp Wallpaper,WhatsApp Inc.,Personalization,2997498,100 M,3.98,Free,/application/whatsapp_wallpaper/com.whatsapp.wallpaper?hl=en
150,CM Locker - Security Lockscreen,Cheetah Mobile (Secure lockscreen &amp; Applock),Tools,3084433,100 M,4.61,Free,/application/cm_locker_security_lockscreen/com.cmcm.locker?hl=en
143,Shazam,Shazam Entertainment Limited,Music and Audio,3283485,100 M,4.39,Free,/application/shazam/com.shazam.android?hl=en
156,Omni Swipe - Small and Quick,Holaverse Group,Tools,3042642,100 M,4.52,Free,/application/omni_swipe_small_and_quick/com.lazyswipe?hl=en
142,Need for Speed‚Ñ¢ No Limits,ELECTRONIC ARTS,Racing,3290502,50 M,4.43,Free,/application/need_for_speedtm_no_limits/com.ea.game.nfs14_row?hl=en
146,Talking Tom Cat 2,Outfit7 Limited,Entertainment,3203845,100 M,4.32,Free,/application/talking_tom_cat_2/com.outfit7.talkingtom2free?hl=en
159,Adobe Acrobat Reader,Adobe,Productivity,2990842,100 M,4.32,Free,/application/adobe_acrobat_reader/com.adobe.reader?hl=en
162,Don't Tap The White Tile,Cheetah Games,Arcade,2957131,100 M,4.36,Free,/application/don_t_tap_the_white_tile/com.umonistudio.tile?hl=en
175,Solo Launcher-Clean &Smooth &DIY,newborntown,Personalization,2860362,100 M,4.47,Free,/application/solo_launcher_clean_smooth_diy/home.solo.launcher.free?hl=en
176,Modern Combat 5: eSports FPS,Gameloft,Action,2854037,100 M,4.29,Free,/application/modern_combat_5_esports_fps/com.gameloft.android.ANMP.GloftM5HM?hl=en
177,Bubble Witch 2 Saga,King,Casual,2832002,100 M,4.33,Free,/application/bubble_witch_2_saga/com.midasplayer.apps.bubblewitchsaga2?hl=en
172,Wattpad  üìñ  Free Books,Wattpad.com,Books and Reference,2875548,100 M,4.59,Free,/application/wattpad_free_books/wp.wattpad?hl=en
161,War Robots,PIXONIC,Action,2967497,50 M,4.59,Free,/application/war_robots/com.pixonic.wwr?hl=en
167,Tumblr,Tumblr, Inc.,Social,2913907,100 M,4.43,Free,/application/tumblr/com.tumblr?hl=en
180,DEAD TRIGGER 2 - Zombie Survival Shooter,MADFINGER Games,Action,2754284,10 M,4.54,Free,/application/dead_trigger_2_zombie_survival_shooter/com.madfingergames.deadtrigger2?hl=en
174,hike messenger: Stickers & Hidden Chat & Timeline,Hike Private Limited,Social,2862552,50 M,4.33,Free,/application/hike_messenger_stickers_hidden_chat_timeline/com.bsb.hike?hl=en
169,DragonFlight for Kakao,Next Floor Corp.,Arcade,2904182,10 M,4.59,Free,/application/dragonflight_for_kakao/com.NextFloor.DragonFlightKakao?hl=en
178,Plague Inc.,Miniclip.com,Simulation,2784047,50 M,4.50,Free,/application/plague_inc_/com.miniclip.plagueinc?hl=en
168,Lords Mobile: Battle of the empires - Strategy RPG,IGG.COM,Strategy,2907621,50 M,4.42,Free,/application/lords_mobile_battle_of_the_empires_strategy_rpg/com.igg.android.lordsmobile?hl=en
170,CSR Racing 2,NaturalMotionGames Ltd,Racing,2897040,10 M,4.68,Free,/application/csr_racing_2/com.naturalmotion.customstreetracer2?hl=en
171,Amazon India Online Shopping,Amazon Mobile LLC,Shopping,2887730,100 M,4.32,Free,/application/amazon_india_online_shopping/in.amazon.mShop.android.shopping?hl=en
163,SimSimi,SimSimi Inc.,Entertainment,2950693,100 M,4.31,Free,/application/simsimi/com.ismaker.android.simsimi?hl=en
165,PUBG MOBILE,Tencent Games,Action,2921303,50 M,4.44,Free,/application/pubg_mobile/com.tencent.ig?hl=en
164,Pandora Music,Pandora,Music and Audio,2933411,100 M,4.42,Free,/application/pandora_music/com.pandora.android?hl=en
179,eBay: Buy &amp; Sell this Summer - Discover Deals Now!,eBay Mobile,Shopping,2778686,100 M,4.38,Free,/application/ebay_buy_sell_this_summer_discover_deals_now_/com.ebay.mobile?hl=en
173,GO SMS Pro - Messenger & Free Themes & Emoji,GOMO Apps,Communication,2872634,100 M,4.37,Free,/application/go_sms_pro_messenger_free_themes_emoji/com.jb.gosms?hl=en
166,Homescapes,Playrix Games,Casual,2921073,10 M,4.63,Free,/application/homescapes/com.playrix.homescapes?hl=en
200,Monster Legends - RPG,Social Point,Simulation,2456339,10 M,4.58,Free,/application/monster_legends_rpg/es.socialpoint.MonsterLegends?hl=en
189,Angry Birds Rio,Rovio Entertainment Corporation,Arcade,2592461,100 M,4.38,Free,/application/angry_birds_rio/com.rovio.angrybirdsrio?hl=en
191,Talking Tom Gold Run,Outfit7 Limited,Action,2585326,100 M,4.62,Free,/application/talking_tom_gold_run/com.outfit7.talkingtomgoldrun?hl=en
196,Bowling King,Miniclip.com,Sports,2533948,10 M,4.59,Free,/application/bowling_king/com.pnixgames.bowlingking?hl=en
182,SwiftKey Keyboard,SwiftKey,Productivity,2728404,100 M,4.49,Free,/application/swiftkey_keyboard/com.touchtype.swiftkey?hl=en
194,Bike Race Free - Top Motorcycle Racing Games,Top Free Games.,Racing,2559842,100 M,4.53,Free,/application/bike_race_free_top_motorcycle_racing_games/com.topfreegames.bikeracefreeworld?hl=en
181,Tinder,Tinder,Lifestyle,2744622,100 M,3.98,Free,/application/tinder/com.tinder?hl=en
187,Master for Minecraft-Launcher,Nimo TV,Tools,2625812,50 M,4.58,Free,/application/master_for_minecraft_launcher/com.groundhog.mcpemaster?hl=en
190,GO Keyboard - Emoticon keyboard & Free Theme & GIF,GOMO Apps,Personalization,2586317,100 M,4.42,Free,/application/go_keyboard_emoticon_keyboard_free_theme_gif/com.jb.gokeyboard?hl=en
192,Ïø†ÌÇ§Îü∞ for Kakao,Devsisters Corporation,Adventure,2570458,10 M,4.37,Free,/application/_for_kakao/com.devsisters.CookieRunForKakao?hl=en
188,Drag Racing,Creative Mobile,Racing,2622586,100 M,4.42,Free,/application/drag_racing/com.creativemobile.DragRacing?hl=en
184,Hill Climb Racing 2,Fingersoft,Racing,2682768,100 M,4.62,Free,/application/hill_climb_racing_2/com.fingersoft.hcr2?hl=en
199,Paperama,FDG Entertainment GmbH &amp; Co.KG,Puzzle,2492910,10 M,4.42,Free,/application/paperama/com.fdgentertainment.paperama?hl=en
183,Google Drive,Google LLC,Productivity,2688362,1000 M,4.38,Free,/application/google_drive/com.google.android.apps.docs?hl=en
193,Kaspersky Mobile Antivirus: AppLock &amp; Web Security,Kaspersky Lab,Tools,2564074,50 M,4.74,Free,/application/kaspersky_mobile_antivirus_applock_web_security/com.kms.free?hl=en
186,Angry Birds Epic RPG,Rovio Entertainment Corporation,Game Role Playing,2630449,10 M,4.50,Free,/application/angry_birds_epic_rpg/com.rovio.gold?hl=en
185,Fallout Shelter,Bethesda Softworks LLC,Simulation,2673229,10 M,4.57,Free,/application/fallout_shelter/com.bethsoft.falloutshelter?hl=en
198,Dolphin Browser - Fast & Private &amp; Adblocküê¨,Dolphin Browser,Communication,2509416,50 M,4.51,Free,/application/dolphin_browser_fast_private_adblock/mobi.mgeek.TunnyBrowser?hl=en
195,KakaoTalk: Free Calls &amp; Text,Kakao Corporation,Communication,2538574,100 M,4.25,Free,/application/kakaotalk_free_calls_text/com.kakao.talk?hl=en
197,Kika Keyboard - Emoji Keyboard & Emoticon & GIF,Kika AI Team,Productivity,2524290,100 M,4.38,Free,/application/kika_keyboard_emoji_keyboard_emoticon_gif/com.qisiemoji.inputmethod?hl=en
